[Header],,,,,,,,,,
IEMFileVersion,4,,,,,,,,,
Investigator Name,N6_L4,,,,,,,,,
Experiment Name,HXX1_2X150,,,,,,,,,
Date,28/02/2017,,,,,,,,,
Workflow,GenerateFASTQ,,,,,,,,,
Application,HiSeq FASTQ Only,,,,,,,,,
Assay,,,,,,,,,,
Description,,,,,,,,,,
Chemistry,,,,,,,,,,
,,,,,,,,,,
[Reads],,,,,,,,,,
151,,,,,,,,,,
151,,,,,,,,,,
,,,,,,,,,,
[Settings],,,,,,,,,,
ReverseComplement,0,,,,,,,,,
,,,,,,,,,,
[Data],,,,,,,,,,
Lane,Sample_ID,Sample_Name,Sample_Plate,Sample_Well,I7_Index_ID,index,I5_Index_ID,index2,Sample_Project,Description
1,test_sample1,s1,,,701,ATTACTCG,501,AGGCTATA,test1,
2,test_sample2,s3,,,701,ATTACTCG,503,AGGATAGG,test1,
3,test_sample3,s4,,,702,TCCGGAGA,505,CTTCGCCT,test1,